Demt_6,Demt_5,Demt_4,Demt_3,Demt_2,Demt_1,Demt_0,Temp_6,Temp_5,Temp_4,Temp_3,Temp_2,Temp_1,Temp_0,Snmt_6,Snmt_5,Snmt_4,Snmt_3,Snmt_2,Snmt_1,Snmt_0,ETt_6,ETt_5,ETt_4,ETt_3,ETt_2,ETt_1,ETt_0,Rt_6,Rt_5,Rt_4,Rt_3,Rt_2,Rt_1,Rt_0,Wlt_6,Wlt_5,Wlt_4,Wlt_3,Wlt_2,Wlt_1,Wlt_0
0,0,0,9.259603266,73.69038145,145.0909293,218.8959943,-5.266153846,-6.550384615,-0.025769231,11.24769231,16.91846154,23.62042368,28.72961538,0.825353846,10.26929231,9.656615385,0,0,0,0,9.674861538,7.823215385,25.88187692,55.65926154,70.6971,96.19153077,72.29647692,6.854453846,16.08073846,39.56676923,34.99864615,56.96566154,57.72553846,41.40529231,152.66,152.1642857,151.9,151.6628571,152.3585714,153.41,166.1714286
0,0,9.259603266,73.69038145,145.0909293,218.8959943,206.9648624,-6.550384615,-0.025769231,11.24769231,16.91846154,23.62042368,28.72961538,25.01773137,10.26929231,9.656615385,0,0,0,0,0,7.823215385,25.88187692,55.65926154,70.6971,96.19153077,72.29647692,96.73223077,16.08073846,39.56676923,34.99864615,56.96566154,57.72553846,41.40529231,113.9744,152.1642857,151.9,151.6628571,152.3585714,153.41,166.1714286,167.9683333
0,9.259603266,73.69038145,145.0909293,218.8959943,206.9648624,59.84710861,-0.025769231,11.24769231,16.91846154,23.62042368,28.72961538,25.01773137,20.67423077,9.656615385,0,0,0,0,0,0,25.88187692,55.65926154,70.6971,96.19153077,72.29647692,96.73223077,50.45418462,39.56676923,34.99864615,56.96566154,57.72553846,41.40529231,113.9744,19.47224615,151.9,151.6628571,152.3585714,153.41,166.1714286,167.9683333,159.4566667
9.259603266,73.69038145,145.0909293,218.8959943,206.9648624,59.84710861,0,11.24769231,16.91846154,23.62042368,28.72961538,25.01773137,20.67423077,11.36576923,0,0,0,0,0,0,0.123815385,55.65926154,70.6971,96.19153077,72.29647692,96.73223077,50.45418462,25.79115385,34.99864615,56.96566154,57.72553846,41.40529231,113.9744,19.47224615,43.98695385,151.6628571,152.3585714,153.41,166.1714286,167.9683333,159.4566667,157.2214286
73.69038145,145.0909293,218.8959943,206.9648624,59.84710861,0,0,16.91846154,23.62042368,28.72961538,25.01773137,20.67423077,11.36576923,4.665423678,0,0,0,0,0,0.123815385,0.023515385,70.6971,96.19153077,72.29647692,96.73223077,50.45418462,25.79115385,11.05831538,56.96566154,57.72553846,41.40529231,113.9744,19.47224615,43.98695385,2.503876923,152.3585714,153.41,166.1714286,167.9683333,159.4566667,157.2214286,156.1966667
145.0909293,218.8959943,206.9648624,59.84710861,0,0,0,23.62042368,28.72961538,25.01773137,20.67423077,11.36576923,4.665423678,-2.677692308,0,0,0,0,0.123815385,0.023515385,1.766153846,96.19153077,72.29647692,96.73223077,50.45418462,25.79115385,11.05831538,5.135253846,57.72553846,41.40529231,113.9744,19.47224615,43.98695385,2.503876923,4.898461538,153.41,166.1714286,167.9683333,159.4566667,157.2214286,156.1966667,155.5771429
218.8959943,206.9648624,59.84710861,0,0,0,0,28.72961538,25.01773137,20.67423077,11.36576923,4.665423678,-2.677692308,-2.470769231,0,0,0,0.123815385,0.023515385,1.766153846,0.114092308,72.29647692,96.73223077,50.45418462,25.79115385,11.05831538,5.135253846,3.313146154,41.40529231,113.9744,19.47224615,43.98695385,2.503876923,4.898461538,2.595661539,166.1714286,167.9683333,159.4566667,157.2214286,156.1966667,155.5771429,155.045
206.9648624,59.84710861,0,0,0,0,0,25.01773137,20.67423077,11.36576923,4.665423678,-2.677692308,-2.470769231,-2.851153846,0,0,0.123815385,0.023515385,1.766153846,0.114092308,4.025723077,96.73223077,50.45418462,25.79115385,11.05831538,5.135253846,3.313146154,8.680669231,113.9744,19.47224615,43.98695385,2.503876923,4.898461538,2.595661539,7.591384615,167.9683333,159.4566667,157.2214286,156.1966667,155.5771429,155.045,154.57
59.84710861,0,0,0,0,0,0,20.67423077,11.36576923,4.665423678,-2.677692308,-2.470769231,-2.851153846,6.190039063,0,0.123815385,0.023515385,1.766153846,0.114092308,4.025723077,0.120861538,50.45418462,25.79115385,11.05831538,5.135253846,3.313146154,8.680669231,23.23080769,19.47224615,43.98695385,2.503876923,4.898461538,2.595661539,7.591384615,59.52247692,159.4566667,157.2214286,156.1966667,155.5771429,155.045,154.57,154.03
0,0,0,0,0,0,9.801128075,11.36576923,4.665423678,-2.677692308,-2.470769231,-2.851153846,6.190039063,14.97384615,0.123815385,0.023515385,1.766153846,0.114092308,4.025723077,0.120861538,0,25.79115385,11.05831538,5.135253846,3.313146154,8.680669231,23.23080769,43.92736154,43.98695385,2.503876923,4.898461538,2.595661539,7.591384615,59.52247692,16.42289231,157.2214286,156.1966667,155.5771429,155.045,154.57,154.03,155.0614286
0,0,0,0,0,9.801128075,71.18562177,4.665423678,-2.677692308,-2.470769231,-2.851153846,6.190039063,14.97384615,14.95115385,0.023515385,1.766153846,0.114092308,4.025723077,0.120861538,0,0,11.05831538,5.135253846,3.313146154,8.680669231,23.23080769,43.92736154,74.54068462,2.503876923,4.898461538,2.595661539,7.591384615,59.52247692,16.42289231,95.39987692,156.1966667,155.5771429,155.045,154.57,154.03,155.0614286,154.1657143
0,0,0,0,9.801128075,71.18562177,142.0893907,-2.677692308,-2.470769231,-2.851153846,6.190039063,14.97384615,14.95115385,23.40846154,1.766153846,0.114092308,4.025723077,0.120861538,0,0,0,5.135253846,3.313146154,8.680669231,23.23080769,43.92736154,74.54068462,70.67450769,4.898461538,2.595661539,7.591384615,59.52247692,16.42289231,95.39987692,65.08356923,155.5771429,155.045,154.57,154.03,155.0614286,154.1657143,158.5457143
0,0,0,9.801128075,71.18562177,142.0893907,205.142414,-2.470769231,-2.851153846,6.190039063,14.97384615,14.95115385,23.40846154,25.40923077,0.114092308,4.025723077,0.120861538,0,0,0,0,3.313146154,8.680669231,23.23080769,43.92736154,74.54068462,70.67450769,100.3564923,2.595661539,7.591384615,59.52247692,16.42289231,95.39987692,65.08356923,114.1196308,155.045,154.57,154.03,155.0614286,154.1657143,158.5457143,165.3016667
0,0,9.801128075,71.18562177,142.0893907,205.142414,196.2142588,-2.851153846,6.190039063,14.97384615,14.95115385,23.40846154,25.40923077,22.82196214,4.025723077,0.120861538,0,0,0,0,0,8.680669231,23.23080769,43.92736154,74.54068462,70.67450769,100.3564923,120.5359846,7.591384615,59.52247692,16.42289231,95.39987692,65.08356923,114.1196308,142.1115077,154.57,154.03,155.0614286,154.1657143,158.5457143,165.3016667,158.7214286
0,9.801128075,71.18562177,142.0893907,205.142414,196.2142588,57.58438995,6.190039063,14.97384615,14.95115385,23.40846154,25.40923077,22.82196214,19.43769231,0.120861538,0,0,0,0,0,0,23.23080769,43.92736154,74.54068462,70.67450769,100.3564923,120.5359846,69.20902308,59.52247692,16.42289231,95.39987692,65.08356923,114.1196308,142.1115077,43.2224,154.03,155.0614286,154.1657143,158.5457143,165.3016667,158.7214286,157.0371429
9.801128075,71.18562177,142.0893907,205.142414,196.2142588,57.58438995,0,14.97384615,14.95115385,23.40846154,25.40923077,22.82196214,19.43769231,11.01580829,0,0,0,0,0,0,0.505476923,43.92736154,74.54068462,70.67450769,100.3564923,120.5359846,69.20902308,31.53478462,16.42289231,95.39987692,65.08356923,114.1196308,142.1115077,43.2224,29.38289231,155.0614286,154.1657143,158.5457143,165.3016667,158.7214286,157.0371429,156.1871429
71.18562177,142.0893907,205.142414,196.2142588,57.58438995,0,0,14.95115385,23.40846154,25.40923077,22.82196214,19.43769231,11.01580829,5.068846154,0,0,0,0,0,0.505476923,0.282830769,74.54068462,70.67450769,100.3564923,120.5359846,69.20902308,31.53478462,19.34542347,95.39987692,65.08356923,114.1196308,142.1115077,43.2224,29.38289231,84.76553846,154.1657143,158.5457143,165.3016667,158.7214286,157.0371429,156.1871429,155.3942857
142.0893907,205.142414,196.2142588,57.58438995,0,0,0,23.40846154,25.40923077,22.82196214,19.43769231,11.01580829,5.068846154,-6.263422476,0,0,0,0,0.505476923,0.282830769,2.105107692,70.67450769,100.3564923,120.5359846,69.20902308,31.53478462,19.34542347,7.040538852,65.08356923,114.1196308,142.1115077,43.2224,29.38289231,84.76553846,16.35052308,158.5457143,165.3016667,158.7214286,157.0371429,156.1871429,155.3942857,155.0642857
205.142414,196.2142588,57.58438995,0,0,0,0,25.40923077,22.82196214,19.43769231,11.01580829,5.068846154,-6.263422476,-13.31153846,0,0,0,0.505476923,0.282830769,2.105107692,0.159753846,100.3564923,120.5359846,69.20902308,31.53478462,19.34542347,7.040538852,3.284569231,114.1196308,142.1115077,43.2224,29.38289231,84.76553846,16.35052308,19.13206154,165.3016667,158.7214286,157.0371429,156.1871429,155.3942857,155.0642857,154.7183333
196.2142588,57.58438995,0,0,0,0,0,22.82196214,19.43769231,11.01580829,5.068846154,-6.263422476,-13.31153846,-8.593461538,0,0,0.505476923,0.282830769,2.105107692,0.159753846,5.187938462,120.5359846,69.20902308,31.53478462,19.34542347,7.040538852,3.284569231,1.170469231,142.1115077,43.2224,29.38289231,84.76553846,16.35052308,19.13206154,8.774892308,158.7214286,157.0371429,156.1871429,155.3942857,155.0642857,154.7183333,154.52
57.58438995,0,0,0,0,0,0,19.43769231,11.01580829,5.068846154,-6.263422476,-13.31153846,-8.593461538,0.767692308,0,0.505476923,0.282830769,2.105107692,0.159753846,5.187938462,37.06609231,69.20902308,31.53478462,19.34542347,7.040538852,3.284569231,1.170469231,24.01927692,43.2224,29.38289231,84.76553846,16.35052308,19.13206154,8.774892308,49.99089231,157.0371429,156.1871429,155.3942857,155.0642857,154.7183333,154.52,153.9742857
0,0,0,0,0,0,8.45810017,11.01580829,5.068846154,-6.263422476,-13.31153846,-8.593461538,0.767692308,7.36,0.505476923,0.282830769,2.105107692,0.159753846,5.187938462,37.06609231,5.176769231,31.53478462,19.34542347,7.040538852,3.284569231,1.170469231,24.01927692,49.00419231,29.38289231,84.76553846,16.35052308,19.13206154,8.774892308,49.99089231,55.77944615,156.1871429,155.3942857,155.0642857,154.7183333,154.52,153.9742857,153.7571429
0,0,0,0,0,8.45810017,70.98053213,5.068846154,-6.263422476,-13.31153846,-8.593461538,0.767692308,7.36,16.67769231,0.282830769,2.105107692,0.159753846,5.187938462,37.06609231,5.176769231,0,19.34542347,7.040538852,3.284569231,1.170469231,24.01927692,49.00419231,89.55387692,84.76553846,16.35052308,19.13206154,8.774892308,49.99089231,55.77944615,198.3320615,155.3942857,155.0642857,154.7183333,154.52,153.9742857,153.7571429,153.3557143
0,0,0,0,8.45810017,70.98053213,131.005696,-6.263422476,-13.31153846,-8.593461538,0.767692308,7.36,16.67769231,19.11076923,2.105107692,0.159753846,5.187938462,37.06609231,5.176769231,0,0,7.040538852,3.284569231,1.170469231,24.01927692,49.00419231,89.55387692,124.9212385,16.35052308,19.13206154,8.774892308,49.99089231,55.77944615,198.3320615,85.80603077,155.0642857,154.7183333,154.52,153.9742857,153.7571429,153.3557143,153.2971429
0,0,0,8.45810017,70.98053213,131.005696,201.095227,-13.31153846,-8.593461538,0.767692308,7.36,16.67769231,19.11076923,24.85653846,0.159753846,5.187938462,37.06609231,5.176769231,0,0,0,3.284569231,1.170469231,24.01927692,49.00419231,89.55387692,124.9212385,152.1050535,19.13206154,8.774892308,49.99089231,55.77944615,198.3320615,85.80603077,99.10055385,154.7183333,154.52,153.9742857,153.7571429,153.3557143,153.2971429,154.6485714
0,0,8.45810017,70.98053213,131.005696,201.095227,195.4784728,-8.593461538,0.767692308,7.36,16.67769231,19.11076923,24.85653846,22.96384615,5.187938462,37.06609231,5.176769231,0,0,0,0,1.170469231,24.01927692,49.00419231,89.55387692,124.9212385,152.1050535,111.113015,8.774892308,49.99089231,55.77944615,198.3320615,85.80603077,99.10055385,109.3287385,154.52,153.9742857,153.7571429,153.3557143,153.2971429,154.6485714,158.9783333
0,8.45810017,70.98053213,131.005696,201.095227,195.4784728,55.9855637,0.767692308,7.36,16.67769231,19.11076923,24.85653846,22.96384615,17.98461538,37.06609231,5.176769231,0,0,0,0,0,24.01927692,49.00419231,89.55387692,124.9212385,152.1050535,111.113015,81.9503,49.99089231,55.77944615,198.3320615,85.80603077,99.10055385,109.3287385,57.72818462,153.9742857,153.7571429,153.3557143,153.2971429,154.6485714,158.9783333,154.9114286
8.45810017,70.98053213,131.005696,201.095227,195.4784728,55.9855637,0,7.36,16.67769231,19.11076923,24.85653846,22.96384615,17.98461538,11.32115385,5.176769231,0,0,0,0,0,3.00E-04,49.00419231,89.55387692,124.9212385,152.1050535,111.113015,81.9503,50.76424615,55.77944615,198.3320615,85.80603077,99.10055385,109.3287385,57.72818462,84.84233846,153.7571429,153.3557143,153.2971429,154.6485714,158.9783333,154.9114286,153.4828571
70.98053213,131.005696,201.095227,195.4784728,55.9855637,0,0,16.67769231,19.11076923,24.85653846,22.96384615,17.98461538,11.32115385,1.121538462,0,0,0,0,0,3.00E-04,6.236307692,89.55387692,124.9212385,152.1050535,111.113015,81.9503,50.76424615,18.96223846,198.3320615,85.80603077,99.10055385,109.3287385,57.72818462,84.84233846,60.79852308,153.3557143,153.2971429,154.6485714,158.9783333,154.9114286,153.4828571,153.0114286
131.005696,201.095227,195.4784728,55.9855637,0,0,0,19.11076923,24.85653846,22.96384615,17.98461538,11.32115385,1.121538462,-2.64,0,0,0,0,3.00E-04,6.236307692,3.405169231,124.9212385,152.1050535,111.113015,81.9503,50.76424615,18.96223846,9.104284615,85.80603077,99.10055385,109.3287385,57.72818462,84.84233846,60.79852308,44.80689231,153.2971429,154.6485714,158.9783333,154.9114286,153.4828571,153.0114286,152.6428571
201.095227,195.4784728,55.9855637,0,0,0,0,24.85653846,22.96384615,17.98461538,11.32115385,1.121538462,-2.64,-5.678846154,0,0,0,3.00E-04,6.236307692,3.405169231,3.273353846,152.1050535,111.113015,81.9503,50.76424615,18.96223846,9.104284615,1.159207692,99.10055385,109.3287385,57.72818462,84.84233846,60.79852308,44.80689231,16.79753846,154.6485714,158.9783333,154.9114286,153.4828571,153.0114286,152.6428571,152.44
195.4784728,55.9855637,0,0,0,0,0,22.96384615,17.98461538,11.32115385,1.121538462,-2.64,-5.678846154,-3.351538462,0,0,3.00E-04,6.236307692,3.405169231,3.273353846,32.15729231,111.113015,81.9503,50.76424615,18.96223846,9.104284615,1.159207692,1.599861538,109.3287385,57.72818462,84.84233846,60.79852308,44.80689231,16.79753846,10.27052308,158.9783333,154.9114286,153.4828571,153.0114286,152.6428571,152.44,152.0585714
55.9855637,0,0,0,0,0,0,17.98461538,11.32115385,1.121538462,-2.64,-5.678846154,-3.351538462,1.679269832,0,3.00E-04,6.236307692,3.405169231,3.273353846,32.15729231,32.37626154,81.9503,50.76424615,18.96223846,9.104284615,1.159207692,1.599861538,28.09483846,57.72818462,84.84233846,60.79852308,44.80689231,16.79753846,10.27052308,90.69815385,154.9114286,153.4828571,153.0114286,152.6428571,152.44,152.0585714,151.7071429
0,0,0,0,0,0,7.833528938,11.32115385,1.121538462,-2.64,-5.678846154,-3.351538462,1.679269832,5.710384615,3.00E-04,6.236307692,3.405169231,3.273353846,32.15729231,32.37626154,3.080615385,50.76424615,18.96223846,9.104284615,1.159207692,1.599861538,28.09483846,47.78307692,84.84233846,60.79852308,44.80689231,16.79753846,10.27052308,90.69815385,41.03064615,153.4828571,153.0114286,152.6428571,152.44,152.0585714,151.7071429,151.4742857
0,0,0,0,0,7.833528938,66.81822482,1.121538462,-2.64,-5.678846154,-3.351538462,1.679269832,5.710384615,13.81692308,6.236307692,3.405169231,3.273353846,32.15729231,32.37626154,3.080615385,0,18.96223846,9.104284615,1.159207692,1.599861538,28.09483846,47.78307692,90.90952308,60.79852308,44.80689231,16.79753846,10.27052308,90.69815385,41.03064615,94.29070769,153.0114286,152.6428571,152.44,152.0585714,151.7071429,151.4742857,151.3833333
0,0,0,0,7.833528938,66.81822482,134.4005219,-2.64,-5.678846154,-3.351538462,1.679269832,5.710384615,13.81692308,20.73692308,3.405169231,3.273353846,32.15729231,32.37626154,3.080615385,0,0,9.104284615,1.159207692,1.599861538,28.09483846,47.78307692,90.90952308,117.6488231,44.80689231,16.79753846,10.27052308,90.69815385,41.03064615,94.29070769,181.7693538,152.6428571,152.44,152.0585714,151.7071429,151.4742857,151.3833333,151.2328571
0,0,0,7.833528938,66.81822482,134.4005219,205.5873048,-5.678846154,-3.351538462,1.679269832,5.710384615,13.81692308,20.73692308,25.01692308,3.273353846,32.15729231,32.37626154,3.080615385,0,0,0,1.159207692,1.599861538,28.09483846,47.78307692,90.90952308,117.6488231,156.2265846,16.79753846,10.27052308,90.69815385,41.03064615,94.29070769,181.7693538,56.11667692,152.44,152.0585714,151.7071429,151.4742857,151.3833333,151.2328571,155.9742857
0,0,7.833528938,66.81822482,134.4005219,205.5873048,212.4113727,-3.351538462,1.679269832,5.710384615,13.81692308,20.73692308,25.01692308,27.15307692,32.15729231,32.37626154,3.080615385,0,0,0,0,1.599861538,28.09483846,47.78307692,90.90952308,117.6488231,156.2265846,110.5795846,10.27052308,90.69815385,41.03064615,94.29070769,181.7693538,56.11667692,37.60098462,152.0585714,151.7071429,151.4742857,151.3833333,151.2328571,155.9742857,161.9328571
0,7.833528938,66.81822482,134.4005219,205.5873048,212.4113727,60.02854394,1.679269832,5.710384615,13.81692308,20.73692308,25.01692308,27.15307692,20.10307692,32.37626154,3.080615385,0,0,0,0,0.010338462,28.09483846,47.78307692,90.90952308,117.6488231,156.2265846,110.5795846,64.38062308,90.69815385,41.03064615,94.29070769,181.7693538,56.11667692,37.60098462,51.23035385,151.7071429,151.4742857,151.3833333,151.2328571,155.9742857,161.9328571,157.7114286
7.833528938,66.81822482,134.4005219,205.5873048,212.4113727,60.02854394,0,5.710384615,13.81692308,20.73692308,25.01692308,27.15307692,20.10307692,12.16884615,3.080615385,0,0,0,0,0.010338462,0,47.78307692,90.90952308,117.6488231,156.2265846,110.5795846,64.38062308,43.61267692,41.03064615,94.29070769,181.7693538,56.11667692,37.60098462,51.23035385,41.21747692,151.4742857,151.3833333,151.2328571,155.9742857,161.9328571,157.7114286,154.2742857
66.81822482,134.4005219,205.5873048,212.4113727,60.02854394,0,0,13.81692308,20.73692308,25.01692308,27.15307692,20.10307692,12.16884615,3.151538462,0,0,0,0,0.010338462,0,1.952246154,90.90952308,117.6488231,156.2265846,110.5795846,64.38062308,43.61267692,21.9119,94.29070769,181.7693538,56.11667692,37.60098462,51.23035385,41.21747692,88.00984615,151.3833333,151.2328571,155.9742857,161.9328571,157.7114286,154.2742857,153.0985714
134.4005219,205.5873048,212.4113727,60.02854394,0,0,0,20.73692308,25.01692308,27.15307692,20.10307692,12.16884615,3.151538462,-16.27769231,0,0,0,0.010338462,0,1.952246154,-0.0006,117.6488231,156.2265846,110.5795846,64.38062308,43.61267692,21.9119,3.583453846,181.7693538,56.11667692,37.60098462,51.23035385,41.21747692,88.00984615,15.50572308,151.2328571,155.9742857,161.9328571,157.7114286,154.2742857,153.0985714,152.71
205.5873048,212.4113727,60.02854394,0,0,0,0,25.01692308,27.15307692,20.10307692,12.16884615,3.151538462,-16.27769231,-7.960769231,0,0,0.010338462,0,1.952246154,-0.0006,1.925907692,156.2265846,110.5795846,64.38062308,43.61267692,21.9119,3.583453846,-0.075653846,56.11667692,37.60098462,51.23035385,41.21747692,88.00984615,15.50572308,5.156430769,155.9742857,161.9328571,157.7114286,154.2742857,153.0985714,152.71,152.15
212.4113727,60.02854394,0,0,0,0,0,27.15307692,20.10307692,12.16884615,3.151538462,-16.27769231,-7.960769231,-0.166923077,0,0.010338462,0,1.952246154,-0.0006,1.925907692,16.73848462,110.5795846,64.38062308,43.61267692,21.9119,3.583453846,-0.075653846,2.225599609,37.60098462,51.23035385,41.21747692,88.00984615,15.50572308,5.156430769,42.23704615,161.9328571,157.7114286,154.2742857,153.0985714,152.71,152.15,151.63
60.02854394,0,0,0,0,0,0,20.10307692,12.16884615,3.151538462,-16.27769231,-7.960769231,-0.166923077,-1.622653245,0.010338462,0,1.952246154,-0.0006,1.925907692,16.73848462,60.04843077,64.38062308,43.61267692,21.9119,3.583453846,-0.075653846,2.225599609,13.43790769,51.23035385,41.21747692,88.00984615,15.50572308,5.156430769,42.23704615,55.96504615,157.7114286,154.2742857,153.0985714,152.71,152.15,151.63,151.2671429
0,0,0,0,0,0,8.319248219,12.16884615,3.151538462,-16.27769231,-7.960769231,-0.166923077,-1.622653245,7.795039063,0,1.952246154,-0.0006,1.925907692,16.73848462,60.04843077,1.200738462,43.61267692,21.9119,3.583453846,-0.075653846,2.225599609,13.43790769,58.03393077,41.21747692,88.00984615,15.50572308,5.156430769,42.23704615,55.96504615,182.5728,154.2742857,153.0985714,152.71,152.15,151.63,151.2671429,150.7785714
0,0,0,0,0,8.319248219,68.69529823,3.151538462,-16.27769231,-7.960769231,-0.166923077,-1.622653245,7.795039063,14.48846154,1.952246154,-0.0006,1.925907692,16.73848462,60.04843077,1.200738462,0.000492308,21.9119,3.583453846,-0.075653846,2.225599609,13.43790769,58.03393077,93.3592,88.00984615,15.50572308,5.156430769,42.23704615,55.96504615,182.5728,120.4529231,153.0985714,152.71,152.15,151.63,151.2671429,150.7785714,150.2214286
0,0,0,0,8.319248219,68.69529823,137.0063453,-16.27769231,-7.960769231,-0.166923077,-1.622653245,7.795039063,14.48846154,22.00076923,-0.0006,1.925907692,16.73848462,60.04843077,1.200738462,0.000492308,0,3.583453846,-0.075653846,2.225599609,13.43790769,58.03393077,93.3592,136.2233154,15.50572308,5.156430769,42.23704615,55.96504615,182.5728,120.4529231,117.7575385,152.71,152.15,151.63,151.2671429,150.7785714,150.2214286,150.2514286
0,0,0,8.319248219,68.69529823,137.0063453,197.7919401,-7.960769231,-0.166923077,-1.622653245,7.795039063,14.48846154,22.00076923,23.15576923,1.925907692,16.73848462,60.04843077,1.200738462,0.000492308,0,0,-0.075653846,2.225599609,13.43790769,58.03393077,93.3592,136.2233154,155.1040692,5.156430769,42.23704615,55.96504615,182.5728,120.4529231,117.7575385,63.38609231,152.15,151.63,151.2671429,150.7785714,150.2214286,150.2514286,158.6542857
0,0,8.319248219,68.69529823,137.0063453,197.7919401,201.5548666,-0.166923077,-1.622653245,7.795039063,14.48846154,22.00076923,23.15576923,24.87,16.73848462,60.04843077,1.200738462,0.000492308,0,0,0,2.225599609,13.43790769,58.03393077,93.3592,136.2233154,155.1040692,108.2368231,42.23704615,55.96504615,182.5728,120.4529231,117.7575385,63.38609231,47.03975385,151.63,151.2671429,150.7785714,150.2214286,150.2514286,158.6542857,166.3828571
0,8.319248219,68.69529823,137.0063453,197.7919401,201.5548666,56.7043059,-1.622653245,7.795039063,14.48846154,22.00076923,23.15576923,24.87,17.96388522,60.04843077,1.200738462,0.000492308,0,0,0,0,13.43790769,58.03393077,93.3592,136.2233154,155.1040692,108.2368231,55.45773077,55.96504615,182.5728,120.4529231,117.7575385,63.38609231,47.03975385,12.09698462,151.2671429,150.7785714,150.2214286,150.2514286,158.6542857,166.3828571,158.1975
8.319248219,68.69529823,137.0063453,197.7919401,201.5548666,56.7043059,0,7.795039063,14.48846154,22.00076923,23.15576923,24.87,17.96388522,11.21846154,1.200738462,0.000492308,0,0,0,0,0,58.03393077,93.3592,136.2233154,155.1040692,108.2368231,55.45773077,47.99942308,182.5728,120.4529231,117.7575385,63.38609231,47.03975385,12.09698462,113.9766154,150.7785714,150.2214286,150.2514286,158.6542857,166.3828571,158.1975,154.4057143
68.69529823,137.0063453,197.7919401,201.5548666,56.7043059,0,0,14.48846154,22.00076923,23.15576923,24.87,17.96388522,11.21846154,3.39,0.000492308,0,0,0,0,0,0.039176923,93.3592,136.2233154,155.1040692,108.2368231,55.45773077,47.99942308,20.03829231,120.4529231,117.7575385,63.38609231,47.03975385,12.09698462,113.9766154,35.70313846,150.2214286,150.2514286,158.6542857,166.3828571,158.1975,154.4057143,153.1528571
137.0063453,197.7919401,201.5548666,56.7043059,0,0,0,22.00076923,23.15576923,24.87,17.96388522,11.21846154,3.39,-5.440384615,0,0,0,0,0,0.039176923,2.420923077,136.2233154,155.1040692,108.2368231,55.45773077,47.99942308,20.03829231,5.346215775,117.7575385,63.38609231,47.03975385,12.09698462,113.9766154,35.70313846,28.32,150.2514286,158.6542857,166.3828571,158.1975,154.4057143,153.1528571,152.4385714
197.7919401,201.5548666,56.7043059,0,0,0,0,23.15576923,24.87,17.96388522,11.21846154,3.39,-5.440384615,-8.864615385,0,0,0,0,0.039176923,2.420923077,1.052061538,155.1040692,108.2368231,55.45773077,47.99942308,20.03829231,5.346215775,3.276007692,63.38609231,47.03975385,12.09698462,113.9766154,35.70313846,28.32,6.398030769,158.6542857,166.3828571,158.1975,154.4057143,153.1528571,152.4385714,151.6557143
201.5548666,56.7043059,0,0,0,0,0,24.87,17.96388522,11.21846154,3.39,-5.440384615,-8.864615385,-7.161538462,0,0,0,0.039176923,2.420923077,1.052061538,18.20307692,108.2368231,55.45773077,47.99942308,20.03829231,5.346215775,3.276007692,2.145515385,47.03975385,12.09698462,113.9766154,35.70313846,28.32,6.398030769,4.137353846,166.3828571,158.1975,154.4057143,153.1528571,152.4385714,151.6557143,151.0957143
56.7043059,0,0,0,0,0,0,17.96388522,11.21846154,3.39,-5.440384615,-8.864615385,-7.161538462,5.858461538,0,0,0.039176923,2.420923077,1.052061538,18.20307692,9.232246154,55.45773077,47.99942308,20.03829231,5.346215775,3.276007692,2.145515385,38.65029231,12.09698462,113.9766154,35.70313846,28.32,6.398030769,4.137353846,32.96738462,158.1975,154.4057143,153.1528571,152.4385714,151.6557143,151.0957143,150.6485714
0,0,0,0,0,0,9.766618394,11.21846154,3.39,-5.440384615,-8.864615385,-7.161538462,5.858461538,13.06192308,0,0.039176923,2.420923077,1.052061538,18.20307692,9.232246154,0,47.99942308,20.03829231,5.346215775,3.276007692,2.145515385,38.65029231,59.48972308,113.9766154,35.70313846,28.32,6.398030769,4.137353846,32.96738462,149.1958154,154.4057143,153.1528571,152.4385714,151.6557143,151.0957143,150.6485714,150.2042857
0,0,0,0,0,9.766618394,74.76477483,3.39,-5.440384615,-8.864615385,-7.161538462,5.858461538,13.06192308,18.32038462,0.039176923,2.420923077,1.052061538,18.20307692,9.232246154,0,0,20.03829231,5.346215775,3.276007692,2.145515385,38.65029231,59.48972308,110.1081462,35.70313846,28.32,6.398030769,4.137353846,32.96738462,149.1958154,98.62966154,153.1528571,152.4385714,151.6557143,151.0957143,150.6485714,150.2042857,149.9142857
0,0,0,0,9.766618394,74.76477483,133.0688437,-5.440384615,-8.864615385,-7.161538462,5.858461538,13.06192308,18.32038462,19.71884615,2.420923077,1.052061538,18.20307692,9.232246154,0,0,0,5.346215775,3.276007692,2.145515385,38.65029231,59.48972308,110.1081462,114.4135538,28.32,6.398030769,4.137353846,32.96738462,149.1958154,98.62966154,96.28652308,152.4385714,151.6557143,151.0957143,150.6485714,150.2042857,149.9142857,150.6342857
0,0,0,9.766618394,74.76477483,133.0688437,200.2213455,-8.864615385,-7.161538462,5.858461538,13.06192308,18.32038462,19.71884615,24.61961538,1.052061538,18.20307692,9.232246154,0,0,0,0,3.276007692,2.145515385,38.65029231,59.48972308,110.1081462,114.4135538,127.5775846,6.398030769,4.137353846,32.96738462,149.1958154,98.62966154,96.28652308,96.42584615,151.6557143,151.0957143,150.6485714,150.2042857,149.9142857,150.6342857,163.172
0,0,9.766618394,74.76477483,133.0688437,200.2213455,193.0517894,-7.161538462,5.858461538,13.06192308,18.32038462,19.71884615,24.61961538,22.53076923,18.20307692,9.232246154,0,0,0,0,0,2.145515385,38.65029231,59.48972308,110.1081462,114.4135538,127.5775846,111.9782,4.137353846,32.96738462,149.1958154,98.62966154,96.28652308,96.42584615,61.27507692,151.0957143,150.6485714,150.2042857,149.9142857,150.6342857,163.172,157.35
0,9.766618394,74.76477483,133.0688437,200.2213455,193.0517894,54.60589577,5.858461538,13.06192308,18.32038462,19.71884615,24.61961538,22.53076923,16.92076923,9.232246154,0,0,0,0,0,0,38.65029231,59.48972308,110.1081462,114.4135538,127.5775846,111.9782,83.57078462,32.96738462,149.1958154,98.62966154,96.28652308,96.42584615,61.27507692,140.7620923,150.6485714,150.2042857,149.9142857,150.6342857,163.172,157.35,154.3816667
9.766618394,74.76477483,133.0688437,200.2213455,193.0517894,54.60589577,0,13.06192308,18.32038462,19.71884615,24.61961538,22.53076923,16.92076923,10.75576923,0,0,0,0,0,0,0.109661538,59.48972308,110.1081462,114.4135538,127.5775846,111.9782,83.57078462,41.50985385,149.1958154,98.62966154,96.28652308,96.42584615,61.27507692,140.7620923,33.41686154,150.2042857,149.9142857,150.6342857,163.172,157.35,154.3816667,152.2514286
74.76477483,133.0688437,200.2213455,193.0517894,54.60589577,0,0,18.32038462,19.71884615,24.61961538,22.53076923,16.92076923,10.75576923,-3.991153846,0,0,0,0,0,0.109661538,7.165661538,110.1081462,114.4135538,127.5775846,111.9782,83.57078462,41.50985385,13.84234615,98.62966154,96.28652308,96.42584615,61.27507692,140.7620923,33.41686154,15.98938462,149.9142857,150.6342857,163.172,157.35,154.3816667,152.2514286,151.3428571
133.0688437,200.2213455,193.0517894,54.60589577,0,0,0,19.71884615,24.61961538,22.53076923,16.92076923,10.75576923,-3.991153846,-10.13807692,0,0,0,0,0.109661538,7.165661538,3.770707692,114.4135538,127.5775846,111.9782,83.57078462,41.50985385,13.84234615,3.736038462,96.28652308,96.42584615,61.27507692,140.7620923,33.41686154,15.98938462,9.416615385,150.6342857,163.172,157.35,154.3816667,152.2514286,151.3428571,150.7333333
200.2213455,193.0517894,54.60589577,0,0,0,0,24.61961538,22.53076923,16.92076923,10.75576923,-3.991153846,-10.13807692,-2.742692308,0,0,0,0.109661538,7.165661538,3.770707692,3.524923077,127.5775846,111.9782,83.57078462,41.50985385,13.84234615,3.736038462,5.679484615,96.42584615,61.27507692,140.7620923,33.41686154,15.98938462,9.416615385,0.5248,163.172,157.35,154.3816667,152.2514286,151.3428571,150.7333333,150.2228571
193.0517894,54.60589577,0,0,0,0,0,22.53076923,16.92076923,10.75576923,-3.991153846,-10.13807692,-2.742692308,-5.24,0,0,0.109661538,7.165661538,3.770707692,3.524923077,4.664615385,111.9782,83.57078462,41.50985385,13.84234615,3.736038462,5.679484615,9.3412,61.27507692,140.7620923,33.41686154,15.98938462,9.416615385,0.5248,22.59889231,157.35,154.3816667,152.2514286,151.3428571,150.7333333,150.2228571,149.8016667
54.60589577,0,0,0,0,0,0,16.92076923,10.75576923,-3.991153846,-10.13807692,-2.742692308,-5.24,6.03,0,0.109661538,7.165661538,3.770707692,3.524923077,4.664615385,3.196061538,83.57078462,41.50985385,13.84234615,3.736038462,5.679484615,9.3412,39.94296154,140.7620923,33.41686154,15.98938462,9.416615385,0.5248,22.59889231,64.65083077,154.3816667,152.2514286,151.3428571,150.7333333,150.2228571,149.8016667,149.4842857
0,0,0,0,0,0,9.20913932,10.75576923,-3.991153846,-10.13807692,-2.742692308,-5.24,6.03,11.05346154,0.109661538,7.165661538,3.770707692,3.524923077,4.664615385,3.196061538,1.781169231,41.50985385,13.84234615,3.736038462,5.679484615,9.3412,39.94296154,66.47667692,33.41686154,15.98938462,9.416615385,0.5248,22.59889231,64.65083077,91.61526154,152.2514286,151.3428571,150.7333333,150.2228571,149.8016667,149.4842857,149.2085714
0,0,0,0,0,9.20913932,73.45758753,-3.991153846,-10.13807692,-2.742692308,-5.24,6.03,11.05346154,16.80538462,7.165661538,3.770707692,3.524923077,4.664615385,3.196061538,1.781169231,0,13.84234615,3.736038462,5.679484615,9.3412,39.94296154,66.47667692,95.64916923,15.98938462,9.416615385,0.5248,22.59889231,64.65083077,91.61526154,88.45341538,151.3428571,150.7333333,150.2228571,149.8016667,149.4842857,149.2085714,149.0285714
0,0,0,0,9.20913932,73.45758753,143.222932,-10.13807692,-2.742692308,-5.24,6.03,11.05346154,16.80538462,23.56,3.770707692,3.524923077,4.664615385,3.196061538,1.781169231,0,0,3.736038462,5.679484615,9.3412,39.94296154,66.47667692,95.64916923,119.8359385,9.416615385,0.5248,22.59889231,64.65083077,91.61526154,88.45341538,112.6355692,150.7333333,150.2228571,149.8016667,149.4842857,149.2085714,149.0285714,148.8216667
0,0,0,9.20913932,73.45758753,143.222932,205.0582537,-2.742692308,-5.24,6.03,11.05346154,16.80538462,23.56,25.565,3.524923077,4.664615385,3.196061538,1.781169231,0,0,0,5.679484615,9.3412,39.94296154,66.47667692,95.64916923,119.8359385,140.9696154,0.5248,22.59889231,64.65083077,91.61526154,88.45341538,112.6355692,106.8219077,150.2228571,149.8016667,149.4842857,149.2085714,149.0285714,148.8216667,153.1714286
0,0,9.20913932,73.45758753,143.222932,205.0582537,192.3117607,-5.24,6.03,11.05346154,16.80538462,23.56,25.565,21.84269231,4.664615385,3.196061538,1.781169231,0,0,0,0,9.3412,39.94296154,66.47667692,95.64916923,119.8359385,140.9696154,111.3368538,22.59889231,64.65083077,91.61526154,88.45341538,112.6355692,106.8219077,109.7260308,149.8016667,149.4842857,149.2085714,149.0285714,148.8216667,153.1714286,149.86
0,9.20913932,73.45758753,143.222932,205.0582537,192.3117607,56.5502304,6.03,11.05346154,16.80538462,23.56,25.565,21.84269231,18.86423077,3.196061538,1.781169231,0,0,0,0,0,39.94296154,66.47667692,95.64916923,119.8359385,140.9696154,111.3368538,86.81138462,64.65083077,91.61526154,88.45341538,112.6355692,106.8219077,109.7260308,107.2812308,149.4842857,149.2085714,149.0285714,148.8216667,153.1714286,149.86,149.0433333
9.20913932,73.45758753,143.222932,205.0582537,192.3117607,56.5502304,0,11.05346154,16.80538462,23.56,25.565,21.84269231,18.86423077,11.00461538,1.781169231,0,0,0,0,0,0.000123077,66.47667692,95.64916923,119.8359385,140.9696154,111.3368538,86.81138462,46.15408462,91.61526154,88.45341538,112.6355692,106.8219077,109.7260308,107.2812308,80.72073846,149.2085714,149.0285714,148.8216667,153.1714286,149.86,149.0433333,148.7128571
73.45758753,143.222932,205.0582537,192.3117607,56.5502304,0,0,16.80538462,23.56,25.565,21.84269231,18.86423077,11.00461538,0.630384615,0,0,0,0,0,0.000123077,0.773538462,95.64916923,119.8359385,140.9696154,111.3368538,86.81138462,46.15408462,16.43698462,88.45341538,112.6355692,106.8219077,109.7260308,107.2812308,80.72073846,9.271138462,149.0285714,148.8216667,153.1714286,149.86,149.0433333,148.7128571,148.3
143.222932,205.0582537,192.3117607,56.5502304,0,0,0,23.56,25.565,21.84269231,18.86423077,11.00461538,0.630384615,-1.799230769,0,0,0,0,0.000123077,0.773538462,5.353653846,119.8359385,140.9696154,111.3368538,86.81138462,46.15408462,16.43698462,6.008092308,112.6355692,106.8219077,109.7260308,107.2812308,80.72073846,9.271138462,10.4192,148.8216667,153.1714286,149.86,149.0433333,148.7128571,148.3,148.005
205.0582537,192.3117607,56.5502304,0,0,0,0,25.565,21.84269231,18.86423077,11.00461538,0.630384615,-1.799230769,-2.018846154,0,0,0,0.000123077,0.773538462,5.353653846,4.035692308,140.9696154,111.3368538,86.81138462,46.15408462,16.43698462,6.008092308,8.905415385,106.8219077,109.7260308,107.2812308,80.72073846,9.271138462,10.4192,2.819938462,153.1714286,149.86,149.0433333,148.7128571,148.3,148.005,147.66
192.3117607,56.5502304,0,0,0,0,0,21.84269231,18.86423077,11.00461538,0.630384615,-1.799230769,-2.018846154,2.561923077,0,0,0.000123077,0.773538462,5.353653846,4.035692308,1.872076923,111.3368538,86.81138462,46.15408462,16.43698462,6.008092308,8.905415385,13.5623,109.7260308,107.2812308,80.72073846,9.271138462,10.4192,2.819938462,22.41772308,149.86,149.0433333,148.7128571,148.3,148.005,147.66,147.5257143
56.5502304,0,0,0,0,0,0,18.86423077,11.00461538,0.630384615,-1.799230769,-2.018846154,2.561923077,4.616923077,0,0.000123077,0.773538462,5.353653846,4.035692308,1.872076923,2.955815385,86.81138462,46.15408462,16.43698462,6.008092308,8.905415385,13.5623,40.54133077,107.2812308,80.72073846,9.271138462,10.4192,2.819938462,22.41772308,195.6962462,149.0433333,148.7128571,148.3,148.005,147.66,147.5257143,147.29
0,0,0,0,0,0,9.745181782,11.00461538,0.630384615,-1.799230769,-2.018846154,2.561923077,4.616923077,12.43346154,0.000123077,0.773538462,5.353653846,4.035692308,1.872076923,2.955815385,0.056615385,46.15408462,16.43698462,6.008092308,8.905415385,13.5623,40.54133077,71.28358462,80.72073846,9.271138462,10.4192,2.819938462,22.41772308,195.6962462,22.33329231,148.7128571,148.3,148.005,147.66,147.5257143,147.29,147.1485714
0,0,0,0,0,9.745181782,77.66313638,0.630384615,-1.799230769,-2.018846154,2.561923077,4.616923077,12.43346154,19.33,0.773538462,5.353653846,4.035692308,1.872076923,2.955815385,0.056615385,0,16.43698462,6.008092308,8.905415385,13.5623,40.54133077,71.28358462,108.6689231,9.271138462,10.4192,2.819938462,22.41772308,195.6962462,22.33329231,115.0471385,148.3,148.005,147.66,147.5257143,147.29,147.1485714,146.9216667
0,0,0,0,9.745181782,77.66313638,144.6046645,-1.799230769,-2.018846154,2.561923077,4.616923077,12.43346154,19.33,23.61,5.353653846,4.035692308,1.872076923,2.955815385,0.056615385,0,0,6.008092308,8.905415385,13.5623,40.54133077,71.28358462,108.6689231,112.5685077,10.4192,2.819938462,22.41772308,195.6962462,22.33329231,115.0471385,45.45944615,148.005,147.66,147.5257143,147.29,147.1485714,146.9216667,149.6016667
0,0,0,9.745181782,77.66313638,144.6046645,208.1300887,-2.018846154,2.561923077,4.616923077,12.43346154,19.33,23.61,26.25692308,4.035692308,1.872076923,2.955815385,0.056615385,0,0,0,8.905415385,13.5623,40.54133077,71.28358462,108.6689231,112.5685077,103.4148,2.819938462,22.41772308,195.6962462,22.33329231,115.0471385,45.45944615,50.93686154,147.66,147.5257143,147.29,147.1485714,146.9216667,149.6016667,161.752
0,0,9.745181782,77.66313638,144.6046645,208.1300887,195.2450507,2.561923077,4.616923077,12.43346154,19.33,23.61,26.25692308,22.57461538,1.872076923,2.955815385,0.056615385,0,0,0,0,13.5623,40.54133077,71.28358462,108.6689231,112.5685077,103.4148,112.5626923,22.41772308,195.6962462,22.33329231,115.0471385,45.45944615,50.93686154,136.8726154,147.5257143,147.29,147.1485714,146.9216667,149.6016667,161.752,158.4975
0,9.745181782,77.66313638,144.6046645,208.1300887,195.2450507,56.57477076,4.616923077,12.43346154,19.33,23.61,26.25692308,22.57461538,18.63538462,2.955815385,0.056615385,0,0,0,0,0,40.54133077,71.28358462,108.6689231,112.5685077,103.4148,112.5626923,80.90060769,195.6962462,22.33329231,115.0471385,45.45944615,50.93686154,136.8726154,63.25513846,147.29,147.1485714,146.9216667,149.6016667,161.752,158.4975,151.68
9.745181782,77.66313638,144.6046645,208.1300887,195.2450507,56.57477076,0,12.43346154,19.33,23.61,26.25692308,22.57461538,18.63538462,9.395,0.056615385,0,0,0,0,0,0.395076923,71.28358462,108.6689231,112.5685077,103.4148,112.5626923,80.90060769,26.8118,22.33329231,115.0471385,45.45944615,50.93686154,136.8726154,63.25513846,19.77550769,147.1485714,146.9216667,149.6016667,161.752,158.4975,151.68,150.3157143
77.66313638,144.6046645,208.1300887,195.2450507,56.57477076,0,0,19.33,23.61,26.25692308,22.57461538,18.63538462,9.395,5.335,0,0,0,0,0,0.395076923,6.350584615,108.6689231,112.5685077,103.4148,112.5626923,80.90060769,26.8118,14.95115385,115.0471385,45.45944615,50.93686154,136.8726154,63.25513846,19.77550769,27.97883077,146.9216667,149.6016667,161.752,158.4975,151.68,150.3157143,149.58
144.6046645,208.1300887,195.2450507,56.57477076,0,0,0,23.61,26.25692308,22.57461538,18.63538462,9.395,5.335,-1.924230769,0,0,0,0,0.395076923,6.350584615,5.098338462,112.5685077,103.4148,112.5626923,80.90060769,26.8118,14.95115385,8.811823077,45.45944615,50.93686154,136.8726154,63.25513846,19.77550769,27.97883077,25.09292308,149.6016667,161.752,158.4975,151.68,150.3157143,149.58,148.8914286
208.1300887,195.2450507,56.57477076,0,0,0,0,26.25692308,22.57461538,18.63538462,9.395,5.335,-1.924230769,-9.282692308,0,0,0,0.395076923,6.350584615,5.098338462,1.672123077,103.4148,112.5626923,80.90060769,26.8118,14.95115385,8.811823077,2.542261538,50.93686154,136.8726154,63.25513846,19.77550769,27.97883077,25.09292308,17.77821538,161.752,158.4975,151.68,150.3157143,149.58,148.8914286,148.4728571
195.2450507,56.57477076,0,0,0,0,0,22.57461538,18.63538462,9.395,5.335,-1.924230769,-9.282692308,-4.391923077,0,0,0.395076923,6.350584615,5.098338462,1.672123077,17.59483077,112.5626923,80.90060769,26.8118,14.95115385,8.811823077,2.542261538,6.492338462,136.8726154,63.25513846,19.77550769,27.97883077,25.09292308,17.77821538,4.7488,158.4975,151.68,150.3157143,149.58,148.8914286,148.4728571,148.1542857
56.57477076,0,0,0,0,0,0,18.63538462,9.395,5.335,-1.924230769,-9.282692308,-4.391923077,4.794654447,0,0.395076923,6.350584615,5.098338462,1.672123077,17.59483077,5.617769231,80.90060769,26.8118,14.95115385,8.811823077,2.542261538,6.492338462,29.74008462,63.25513846,19.77550769,27.97883077,25.09292308,17.77821538,4.7488,2.642215385,151.68,150.3157143,149.58,148.8914286,148.4728571,148.1542857,147.7114286
0,0,0,0,0,0,9.408500164,9.395,5.335,-1.924230769,-9.282692308,-4.391923077,4.794654447,10.83196214,0.395076923,6.350584615,5.098338462,1.672123077,17.59483077,5.617769231,0,26.8118,14.95115385,8.811823077,2.542261538,6.492338462,29.74008462,55.01216154,19.77550769,27.97883077,25.09292308,17.77821538,4.7488,2.642215385,63.07692308,150.3157143,149.58,148.8914286,148.4728571,148.1542857,147.7114286,147.4571429
0,0,0,0,0,9.408500164,78.20983134,5.335,-1.924230769,-9.282692308,-4.391923077,4.794654447,10.83196214,19.16769231,6.350584615,5.098338462,1.672123077,17.59483077,5.617769231,0,0,14.95115385,8.811823077,2.542261538,6.492338462,29.74008462,55.01216154,85.36198462,27.97883077,25.09292308,17.77821538,4.7488,2.642215385,63.07692308,88.85858462,149.58,148.8914286,148.4728571,148.1542857,147.7114286,147.4571429,147.3928571
0,0,0,0,9.408500164,78.20983134,152.3103937,-1.924230769,-9.282692308,-4.391923077,4.794654447,10.83196214,19.16769231,26.54807692,5.098338462,1.672123077,17.59483077,5.617769231,0,0,0,8.811823077,2.542261538,6.492338462,29.74008462,55.01216154,85.36198462,82.36791536,25.09292308,17.77821538,4.7488,2.642215385,63.07692308,88.85858462,72.52283077,148.8914286,148.4728571,148.1542857,147.7114286,147.4571429,147.3928571,152.1714286
0,0,0,9.408500164,78.20983134,152.3103937,212.2208742,-9.282692308,-4.391923077,4.794654447,10.83196214,19.16769231,26.54807692,26.20192308,1.672123077,17.59483077,5.617769231,0,0,0,0,2.542261538,6.492338462,29.74008462,55.01216154,85.36198462,82.36791536,102.8135615,17.77821538,4.7488,2.642215385,63.07692308,88.85858462,72.52283077,71.41292308,148.4728571,148.1542857,147.7114286,147.4571429,147.3928571,152.1714286,164.632
0,0,9.408500164,78.20983134,152.3103937,212.2208742,209.7543777,-4.391923077,4.794654447,10.83196214,19.16769231,26.54807692,26.20192308,26.38807692,17.59483077,5.617769231,0,0,0,0,0,6.492338462,29.74008462,55.01216154,85.36198462,82.36791536,102.8135615,73.38131538,4.7488,2.642215385,63.07692308,88.85858462,72.52283077,71.41292308,57.11803077,148.1542857,147.7114286,147.4571429,147.3928571,152.1714286,164.632,160.6257143
0,9.408500164,78.20983134,152.3103937,212.2208742,209.7543777,58.87818476,4.794654447,10.83196214,19.16769231,26.54807692,26.20192308,26.38807692,19.35423077,5.617769231,0,0,0,0,0,0,29.74008462,55.01216154,85.36198462,82.36791536,102.8135615,73.38131538,60.5999,2.642215385,63.07692308,88.85858462,72.52283077,71.41292308,57.11803077,108.5932308,147.7114286,147.4571429,147.3928571,152.1714286,164.632,160.6257143,154.3133333
9.408500164,78.20983134,152.3103937,212.2208742,209.7543777,58.87818476,0,10.83196214,19.16769231,26.54807692,26.20192308,26.38807692,19.35423077,9.991923077,0,0,0,0,0,0,0,55.01216154,85.36198462,82.36791536,102.8135615,73.38131538,60.5999,29.92746154,63.07692308,88.85858462,72.52283077,71.41292308,57.11803077,108.5932308,1.725538462,147.4571429,147.3928571,152.1714286,164.632,160.6257143,154.3133333,152.0414286
78.20983134,152.3103937,212.2208742,209.7543777,58.87818476,0,0,19.16769231,26.54807692,26.20192308,26.38807692,19.35423077,9.991923077,4.411577524,0,0,0,0,0,0,1.013469231,85.36198462,82.36791536,102.8135615,73.38131538,60.5999,29.92746154,13.52118462,88.85858462,72.52283077,71.41292308,57.11803077,108.5932308,1.725538462,21.38092308,147.3928571,152.1714286,164.632,160.6257143,154.3133333,152.0414286,150.75
152.3103937,212.2208742,209.7543777,58.87818476,0,0,0,26.54807692,26.20192308,26.38807692,19.35423077,9.991923077,4.411577524,-1.101538462,0,0,0,0,0,1.013469231,2.9216,82.36791536,102.8135615,73.38131538,60.5999,29.92746154,13.52118462,7.949469231,72.52283077,71.41292308,57.11803077,108.5932308,1.725538462,21.38092308,18.57723077,152.1714286,164.632,160.6257143,154.3133333,152.0414286,150.75,150.2928571
212.2208742,209.7543777,58.87818476,0,0,0,0,26.20192308,26.38807692,19.35423077,9.991923077,4.411577524,-1.101538462,-1.622307692,0,0,0,0,1.013469231,2.9216,3.569230769,102.8135615,73.38131538,60.5999,29.92746154,13.52118462,7.949469231,11.34222308,71.41292308,57.11803077,108.5932308,1.725538462,21.38092308,18.57723077,26.49747692,164.632,160.6257143,154.3133333,152.0414286,150.75,150.2928571,149.6257143
209.7543777,58.87818476,0,0,0,0,0,26.38807692,19.35423077,9.991923077,4.411577524,-1.101538462,-1.622307692,-9.401538462,0,0,0,1.013469231,2.9216,3.569230769,7.247507692,73.38131538,60.5999,29.92746154,13.52118462,7.949469231,11.34222308,8.103023077,57.11803077,108.5932308,1.725538462,21.38092308,18.57723077,26.49747692,16.81969231,160.6257143,154.3133333,152.0414286,150.75,150.2928571,149.6257143,149.3514286
58.87818476,0,0,0,0,0,0,19.35423077,9.991923077,4.411577524,-1.101538462,-1.622307692,-9.401538462,2.033846154,0,0,1.013469231,2.9216,3.569230769,7.247507692,7.940923077,60.5999,29.92746154,13.52118462,7.949469231,11.34222308,8.103023077,27.16326923,108.5932308,1.725538462,21.38092308,18.57723077,26.49747692,16.81969231,11.99556923,154.3133333,152.0414286,150.75,150.2928571,149.6257143,149.3514286,148.8571429
0,0,0,0,0,0,9.49930591,9.991923077,4.411577524,-1.101538462,-1.622307692,-9.401538462,2.033846154,12.47692308,0,1.013469231,2.9216,3.569230769,7.247507692,7.940923077,0.018707692,29.92746154,13.52118462,7.949469231,11.34222308,8.103023077,27.16326923,28.77757692,1.725538462,21.38092308,18.57723077,26.49747692,16.81969231,11.99556923,9.515323077,152.0414286,150.75,150.2928571,149.6257143,149.3514286,148.8571429,148.7483333
0,0,0,0,0,9.49930591,72.98915904,4.411577524,-1.101538462,-1.622307692,-9.401538462,2.033846154,12.47692308,16.86153846,1.013469231,2.9216,3.569230769,7.247507692,7.940923077,0.018707692,0,13.52118462,7.949469231,11.34222308,8.103023077,27.16326923,28.77757692,58.7541,21.38092308,18.57723077,26.49747692,16.81969231,11.99556923,9.515323077,52.17132308,150.75,150.2928571,149.6257143,149.3514286,148.8571429,148.7483333,151.5328571
0,0,0,0,9.49930591,72.98915904,137.5614221,-1.101538462,-1.622307692,-9.401538462,2.033846154,12.47692308,16.86153846,21.37115385,2.9216,3.569230769,7.247507692,7.940923077,0.018707692,0,0,7.949469231,11.34222308,8.103023077,27.16326923,28.77757692,58.7541,77.78483077,18.57723077,26.49747692,16.81969231,11.99556923,9.515323077,52.17132308,86.30301538,150.2928571,149.6257143,149.3514286,148.8571429,148.7483333,151.5328571,152.6428571
0,0,0,9.49930591,72.98915904,137.5614221,206.9364685,-1.622307692,-9.401538462,2.033846154,12.47692308,16.86153846,21.37115385,25.79926983,3.569230769,7.247507692,7.940923077,0.018707692,0,0,0,11.34222308,8.103023077,27.16326923,28.77757692,58.7541,77.78483077,74.73313846,26.49747692,16.81969231,11.99556923,9.515323077,52.17132308,86.30301538,47.57686154,149.6257143,149.3514286,148.8571429,148.7483333,151.5328571,152.6428571,166.025
0,0,9.49930591,72.98915904,137.5614221,206.9364685,201.445728,-9.401538462,2.033846154,12.47692308,16.86153846,21.37115385,25.79926983,24.71692308,7.247507692,7.940923077,0.018707692,0,0,0,0,8.103023077,27.16326923,28.77757692,58.7541,77.78483077,74.73313846,59.07082308,16.81969231,11.99556923,9.515323077,52.17132308,86.30301538,47.57686154,53.5008,149.3514286,148.8571429,148.7483333,151.5328571,152.6428571,166.025,170.0066667
0,9.49930591,72.98915904,137.5614221,206.9364685,201.445728,54.89424415,2.033846154,12.47692308,16.86153846,21.37115385,25.79926983,24.71692308,16.42615385,7.940923077,0.018707692,0,0,0,0,0,27.16326923,28.77757692,58.7541,77.78483077,74.73313846,59.07082308,78.10265385,11.99556923,9.515323077,52.17132308,86.30301538,47.57686154,53.5008,114.1228308,148.8571429,148.7483333,151.5328571,152.6428571,166.025,170.0066667,156.52
9.49930591,72.98915904,137.5614221,206.9364685,201.445728,54.89424415,0,12.47692308,16.86153846,21.37115385,25.79926983,24.71692308,16.42615385,12.15730769,0.018707692,0,0,0,0,0,0,28.77757692,58.7541,77.78483077,74.73313846,59.07082308,78.10265385,28.53842308,9.515323077,52.17132308,86.30301538,47.57686154,53.5008,114.1228308,24.96098462,148.7483333,151.5328571,152.6428571,166.025,170.0066667,156.52,155.2066667
72.98915904,137.5614221,206.9364685,201.445728,54.89424415,0,0,16.86153846,21.37115385,25.79926983,24.71692308,16.42615385,12.15730769,3.745,0,0,0,0,0,0,0.171046154,58.7541,77.78483077,74.73313846,59.07082308,78.10265385,28.53842308,8.968546154,52.17132308,86.30301538,47.57686154,53.5008,114.1228308,24.96098462,0.779815385,151.5328571,152.6428571,166.025,170.0066667,156.52,155.2066667,153.8257143
137.5614221,206.9364685,201.445728,54.89424415,0,0,0,21.37115385,25.79926983,24.71692308,16.42615385,12.15730769,3.745,-7.53,0,0,0,0,0,0.171046154,2.143276923,77.78483077,74.73313846,59.07082308,78.10265385,28.53842308,8.968546154,6.062053846,86.30301538,47.57686154,53.5008,114.1228308,24.96098462,0.779815385,12.41649231,152.6428571,166.025,170.0066667,156.52,155.2066667,153.8257143,152.8414286
206.9364685,201.445728,54.89424415,0,0,0,0,25.79926983,24.71692308,16.42615385,12.15730769,3.745,-7.53,-0.638846154,0,0,0,0,0.171046154,2.143276923,10.42843077,74.73313846,59.07082308,78.10265385,28.53842308,8.968546154,6.062053846,5.896338462,47.57686154,53.5008,114.1228308,24.96098462,0.779815385,12.41649231,12.97526154,166.025,170.0066667,156.52,155.2066667,153.8257143,152.8414286,152.08
201.445728,54.89424415,0,0,0,0,0,24.71692308,16.42615385,12.15730769,3.745,-7.53,-0.638846154,-0.926153846,0,0,0,0.171046154,2.143276923,10.42843077,9.167569231,59.07082308,78.10265385,28.53842308,8.968546154,6.062053846,5.896338462,10.51741538,53.5008,114.1228308,24.96098462,0.779815385,12.41649231,12.97526154,9.184984615,170.0066667,156.52,155.2066667,153.8257143,152.8414286,152.08,151.825
54.89424415,0,0,0,0,0,0,16.42615385,12.15730769,3.745,-7.53,-0.638846154,-0.926153846,5.875769231,0,0,0.171046154,2.143276923,10.42843077,9.167569231,9.607876923,78.10265385,28.53842308,8.968546154,6.062053846,5.896338462,10.51741538,35.63833077,114.1228308,24.96098462,0.779815385,12.41649231,12.97526154,9.184984615,69.60566154,156.52,155.2066667,153.8257143,152.8414286,152.08,151.825,151.235
0,0,0,0,0,0,8.992063605,12.15730769,3.745,-7.53,-0.638846154,-0.926153846,5.875769231,10.82038462,0,0.171046154,2.143276923,10.42843077,9.167569231,9.607876923,0.9408,28.53842308,8.968546154,6.062053846,5.896338462,10.51741538,35.63833077,39.07343846,24.96098462,0.779815385,12.41649231,12.97526154,9.184984615,69.60566154,21.82276923,155.2066667,153.8257143,152.8414286,152.08,151.825,151.235,151.18
0,0,0,0,0,8.992063605,70.8265191,3.745,-7.53,-0.638846154,-0.926153846,5.875769231,10.82038462,15.15192308,0.171046154,2.143276923,10.42843077,9.167569231,9.607876923,0.9408,0,8.968546154,6.062053846,5.896338462,10.51741538,35.63833077,39.07343846,83.35249231,0.779815385,12.41649231,12.97526154,9.184984615,69.60566154,21.82276923,104.5011692,153.8257143,152.8414286,152.08,151.825,151.235,151.18,150.8916667
0,0,0,0,8.992063605,70.8265191,141.9022399,-7.53,-0.638846154,-0.926153846,5.875769231,10.82038462,15.15192308,23.545,2.143276923,10.42843077,9.167569231,9.607876923,0.9408,0,0,6.062053846,5.896338462,10.51741538,35.63833077,39.07343846,83.35249231,133.7270385,12.41649231,12.97526154,9.184984615,69.60566154,21.82276923,104.5011692,170.8578462,152.8414286,152.08,151.825,151.235,151.18,150.8916667,150.3533333
0,0,0,8.992063605,70.8265191,141.9022399,202.4405422,-0.638846154,-0.926153846,5.875769231,10.82038462,15.15192308,23.545,24.23384615,10.42843077,9.167569231,9.607876923,0.9408,0,0,0,5.896338462,10.51741538,35.63833077,39.07343846,83.35249231,133.7270385,105.9228462,12.97526154,9.184984615,69.60566154,21.82276923,104.5011692,170.8578462,93.96430769,152.08,151.825,151.235,151.18,150.8916667,150.3533333,160.98
0,0,8.992063605,70.8265191,141.9022399,202.4405422,204.5460809,-0.926153846,5.875769231,10.82038462,15.15192308,23.545,24.23384615,24.83192308,9.167569231,9.607876923,0.9408,0,0,0,0,10.51741538,35.63833077,39.07343846,83.35249231,133.7270385,105.9228462,92.55669231,9.184984615,69.60566154,21.82276923,104.5011692,170.8578462,93.96430769,51.43212308,151.825,151.235,151.18,150.8916667,150.3533333,160.98,162.1985714
0,8.992063605,70.8265191,141.9022399,202.4405422,204.5460809,61.08820524,5.875769231,10.82038462,15.15192308,23.545,24.23384615,24.83192308,21.82807692,9.607876923,0.9408,0,0,0,0,0,35.63833077,39.07343846,83.35249231,133.7270385,105.9228462,92.55669231,44.78974615,69.60566154,21.82276923,104.5011692,170.8578462,93.96430769,51.43212308,19.34375385,151.235,151.18,150.8916667,150.3533333,160.98,162.1985714,160.77
8.992063605,70.8265191,141.9022399,202.4405422,204.5460809,61.08820524,0,10.82038462,15.15192308,23.545,24.23384615,24.83192308,21.82807692,11.78346154,0.9408,0,0,0,0,0,0,39.07343846,83.35249231,133.7270385,105.9228462,92.55669231,44.78974615,34.95972308,21.82276923,104.5011692,170.8578462,93.96430769,51.43212308,19.34375385,37.02941538,151.18,150.8916667,150.3533333,160.98,162.1985714,160.77,154.9942857
70.8265191,141.9022399,202.4405422,204.5460809,61.08820524,0,0,15.15192308,23.545,24.23384615,24.83192308,21.82807692,11.78346154,5.578461538,0,0,0,0,0,0,3.046838462,83.35249231,133.7270385,105.9228462,92.55669231,44.78974615,34.95972308,17.37248462,104.5011692,170.8578462,93.96430769,51.43212308,19.34375385,37.02941538,36.43864615,150.8916667,150.3533333,160.98,162.1985714,160.77,154.9942857,153.545
141.9022399,202.4405422,204.5460809,61.08820524,0,0,0,23.545,24.23384615,24.83192308,21.82807692,11.78346154,5.578461538,-5.577307692,0,0,0,0,0,3.046838462,4.617846154,133.7270385,105.9228462,92.55669231,44.78974615,34.95972308,17.37248462,9.073715385,170.8578462,93.96430769,51.43212308,19.34375385,37.02941538,36.43864615,14.22375385,150.3533333,160.98,162.1985714,160.77,154.9942857,153.545,152.9285714
202.4405422,204.5460809,61.08820524,0,0,0,0,24.23384615,24.83192308,21.82807692,11.78346154,5.578461538,-5.577307692,-7.921153846,0,0,0,0,3.046838462,4.617846154,4.188553846,105.9228462,92.55669231,44.78974615,34.95972308,17.37248462,9.073715385,3.968107692,93.96430769,51.43212308,19.34375385,37.02941538,36.43864615,14.22375385,12.21956923,160.98,162.1985714,160.77,154.9942857,153.545,152.9285714,152.3457143
204.5460809,61.08820524,0,0,0,0,0,24.83192308,21.82807692,11.78346154,5.578461538,-5.577307692,-7.921153846,2.271153846,0,0,0,3.046838462,4.617846154,4.188553846,5.531323077,92.55669231,44.78974615,34.95972308,17.37248462,9.073715385,3.968107692,12.16060769,51.43212308,19.34375385,37.02941538,36.43864615,14.22375385,12.21956923,11.51015385,162.1985714,160.77,154.9942857,153.545,152.9285714,152.3457143,151.7342857
61.08820524,0,0,0,0,0,0,21.82807692,11.78346154,5.578461538,-5.577307692,-7.921153846,2.271153846,6.230423678,0,0,3.046838462,4.617846154,4.188553846,5.531323077,3.331938462,44.78974615,34.95972308,17.37248462,9.073715385,3.968107692,12.16060769,38.95018462,19.34375385,37.02941538,36.43864615,14.22375385,12.21956923,11.51015385,52.84627692,160.77,154.9942857,153.545,152.9285714,152.3457143,151.7342857,151.25
0,0,0,0,0,0,9.633560126,11.78346154,5.578461538,-5.577307692,-7.921153846,2.271153846,6.230423678,11.93230769,0,3.046838462,4.617846154,4.188553846,5.531323077,3.331938462,-0.0061,34.95972308,17.37248462,9.073715385,3.968107692,12.16060769,38.95018462,52.89204615,37.02941538,36.43864615,14.22375385,12.21956923,11.51015385,52.84627692,64.45095385,154.9942857,153.545,152.9285714,152.3457143,151.7342857,151.25,151.1133333
0,0,0,0,0,9.633560126,77.66076364,5.578461538,-5.577307692,-7.921153846,2.271153846,6.230423678,11.93230769,19.21846154,3.046838462,4.617846154,4.188553846,5.531323077,3.331938462,-0.0061,0,17.37248462,9.073715385,3.968107692,12.16060769,38.95018462,52.89204615,101.9695231,36.43864615,14.22375385,12.21956923,11.51015385,52.84627692,64.45095385,129.7993846,153.545,152.9285714,152.3457143,151.7342857,151.25,151.1133333,150.835
0,0,0,0,9.633560126,77.66076364,146.3449962,-5.577307692,-7.921153846,2.271153846,6.230423678,11.93230769,19.21846154,24.31576923,4.617846154,4.188553846,5.531323077,3.331938462,-0.0061,0,0,9.073715385,3.968107692,12.16060769,38.95018462,52.89204615,101.9695231,100.3431846,14.22375385,12.21956923,11.51015385,52.84627692,64.45095385,129.7993846,73.88036923,152.9285714,152.3457143,151.7342857,151.25,151.1133333,150.835,152.7142857
0,0,0,9.633560126,77.66076364,146.3449962,210.1266226,-7.921153846,2.271153846,6.230423678,11.93230769,19.21846154,24.31576923,26.08192308,4.188553846,5.531323077,3.331938462,-0.0061,0,0,0,3.968107692,12.16060769,38.95018462,52.89204615,101.9695231,100.3431846,78.21265385,12.21956923,11.51015385,52.84627692,64.45095385,129.7993846,73.88036923,47.11950769,152.3457143,151.7342857,151.25,151.1133333,150.835,152.7142857,170.6428571
0,0,9.633560126,77.66076364,146.3449962,210.1266226,206.8843273,2.271153846,6.230423678,11.93230769,19.21846154,24.31576923,26.08192308,25.65423077,5.531323077,3.331938462,-0.0061,0,0,0,0,12.16060769,38.95018462,52.89204615,101.9695231,100.3431846,78.21265385,50.74985385,11.51015385,52.84627692,64.45095385,129.7993846,73.88036923,47.11950769,21.44787692,151.7342857,151.25,151.1133333,150.835,152.7142857,170.6428571,172.1628571
0,9.633560126,77.66076364,146.3449962,210.1266226,206.8843273,58.42519027,6.230423678,11.93230769,19.21846154,24.31576923,26.08192308,25.65423077,19.20734675,3.331938462,-0.0061,0,0,0,0,0,38.95018462,52.89204615,101.9695231,100.3431846,78.21265385,50.74985385,54.35959231,52.84627692,64.45095385,129.7993846,73.88036923,47.11950769,21.44787692,59.2928,151.25,151.1133333,150.835,152.7142857,170.6428571,172.1628571,163.61
9.633560126,77.66076364,146.3449962,210.1266226,206.8843273,58.42519027,0,11.93230769,19.21846154,24.31576923,26.08192308,25.65423077,19.20734675,11.13192308,-0.0061,0,0,0,0,0,0.708953846,52.89204615,101.9695231,100.3431846,78.21265385,50.74985385,54.35959231,26.71142308,64.45095385,129.7993846,73.88036923,47.11950769,21.44787692,59.2928,46.82436923,151.1133333,150.835,152.7142857,170.6428571,172.1628571,163.61,158.5471429
77.66076364,146.3449962,210.1266226,206.8843273,58.42519027,0,0,19.21846154,24.31576923,26.08192308,25.65423077,19.20734675,11.13192308,-1.044230769,0,0,0,0,0,0.708953846,23.80849231,101.9695231,100.3431846,78.21265385,50.74985385,54.35959231,26.71142308,18.36126923,129.7993846,73.88036923,47.11950769,21.44787692,59.2928,46.82436923,60.24467692,150.835,152.7142857,170.6428571,172.1628571,163.61,158.5471429,156.8914286
146.3449962,210.1266226,206.8843273,58.42519027,0,0,0,24.31576923,26.08192308,25.65423077,19.20734675,11.13192308,-1.044230769,-0.684230769,0,0,0,0,0.708953846,23.80849231,15.07470769,100.3431846,78.21265385,50.74985385,54.35959231,26.71142308,18.36126923,2.132692308,73.88036923,47.11950769,21.44787692,59.2928,46.82436923,60.24467692,30.36455385,152.7142857,170.6428571,172.1628571,163.61,158.5471429,156.8914286,155.94
210.1266226,206.8843273,58.42519027,0,0,0,0,26.08192308,25.65423077,19.20734675,11.13192308,-1.044230769,-0.684230769,0.158461538,0,0,0,0.708953846,23.80849231,15.07470769,9.828430769,78.21265385,50.74985385,54.35959231,26.71142308,18.36126923,2.132692308,8.754438462,47.11950769,21.44787692,59.2928,46.82436923,60.24467692,30.36455385,28.09304615,170.6428571,172.1628571,163.61,158.5471429,156.8914286,155.94,155.0028571
206.8843273,58.42519027,0,0,0,0,0,25.65423077,19.20734675,11.13192308,-1.044230769,-0.684230769,0.158461538,2.750769231,0,0,0.708953846,23.80849231,15.07470769,9.828430769,8.590030769,50.74985385,54.35959231,26.71142308,18.36126923,2.132692308,8.754438462,17.87622308,21.44787692,59.2928,46.82436923,60.24467692,30.36455385,28.09304615,34.80418462,172.1628571,163.61,158.5471429,156.8914286,155.94,155.0028571,154.3528571
58.42519027,0,0,0,0,0,0,19.20734675,11.13192308,-1.044230769,-0.684230769,0.158461538,2.750769231,6.266153846,0,0.708953846,23.80849231,15.07470769,9.828430769,8.590030769,2.012307692,54.35959231,26.71142308,18.36126923,2.132692308,8.754438462,17.87622308,42.05073849,59.2928,46.82436923,60.24467692,30.36455385,28.09304615,34.80418462,73.96873846,163.61,158.5471429,156.8914286,155.94,155.0028571,154.3528571,153.9114286
0,0,0,0,0,0,9.097861394,11.13192308,-1.044230769,-0.684230769,0.158461538,2.750769231,6.266153846,10.585,0.708953846,23.80849231,15.07470769,9.828430769,8.590030769,2.012307692,0.805446154,26.71142308,18.36126923,2.132692308,8.754438462,17.87622308,42.05073849,53.40887692,46.82436923,60.24467692,30.36455385,28.09304615,34.80418462,73.96873846,19.67556923,158.5471429,156.8914286,155.94,155.0028571,154.3528571,153.9114286,153.3228571
0,0,0,0,0,9.097861394,71.94578429,-1.044230769,-0.684230769,0.158461538,2.750769231,6.266153846,10.585,16.63384615,23.80849231,15.07470769,9.828430769,8.590030769,2.012307692,0.805446154,0,18.36126923,2.132692308,8.754438462,17.87622308,42.05073849,53.40887692,84.32492308,60.24467692,30.36455385,28.09304615,34.80418462,73.96873846,19.67556923,82.56590769,156.8914286,155.94,155.0028571,154.3528571,153.9114286,153.3228571,156.5766667
0,0,0,0,9.097861394,71.94578429,132.9342975,-0.684230769,0.158461538,2.750769231,6.266153846,10.585,16.63384615,20.39653846,15.07470769,9.828430769,8.590030769,2.012307692,0.805446154,0,0,2.132692308,8.754438462,17.87622308,42.05073849,53.40887692,84.32492308,121.0796077,30.36455385,28.09304615,34.80418462,73.96873846,19.67556923,82.56590769,111.4102154,155.94,155.0028571,154.3528571,153.9114286,153.3228571,156.5766667,153.2366667
0,0,0,9.097861394,71.94578429,132.9342975,189.5777276,0.158461538,2.750769231,6.266153846,10.585,16.63384615,20.39653846,22.07576923,9.828430769,8.590030769,2.012307692,0.805446154,0,0,0,8.754438462,17.87622308,42.05073849,53.40887692,84.32492308,121.0796077,139.5211385,28.09304615,34.80418462,73.96873846,19.67556923,82.56590769,111.4102154,157.9872,155.0028571,154.3528571,153.9114286,153.3228571,156.5766667,153.2366667,153.3114286
0,0,9.097861394,71.94578429,132.9342975,189.5777276,183.6354707,2.750769231,6.266153846,10.585,16.63384615,20.39653846,22.07576923,20.13580829,8.590030769,2.012307692,0.805446154,0,0,0,0,17.87622308,42.05073849,53.40887692,84.32492308,121.0796077,139.5211385,117.7443923,34.80418462,73.96873846,19.67556923,82.56590769,111.4102154,157.9872,129.7654154,154.3528571,153.9114286,153.3228571,156.5766667,153.2366667,153.3114286,152.8
0,9.097861394,71.94578429,132.9342975,189.5777276,183.6354707,55.11011648,6.266153846,10.585,16.63384615,20.39653846,22.07576923,20.13580829,18.18307692,2.012307692,0.805446154,0,0,0,0,0,42.05073849,53.40887692,84.32492308,121.0796077,139.5211385,117.7443923,88.4087,73.96873846,19.67556923,82.56590769,111.4102154,157.9872,129.7654154,62.25255385,153.9114286,153.3228571,156.5766667,153.2366667,153.3114286,152.8,152.1914286
9.097861394,71.94578429,132.9342975,189.5777276,183.6354707,55.11011648,0,10.585,16.63384615,20.39653846,22.07576923,20.13580829,18.18307692,11.87230769,0.805446154,0,0,0,0,0,0,53.40887692,84.32492308,121.0796077,139.5211385,117.7443923,88.4087,39.25116154,19.67556923,82.56590769,111.4102154,157.9872,129.7654154,62.25255385,72.24073846,153.3228571,156.5766667,153.2366667,153.3114286,152.8,152.1914286,151.88
71.94578429,132.9342975,189.5777276,183.6354707,55.11011648,0,0,16.63384615,20.39653846,22.07576923,20.13580829,18.18307692,11.87230769,1.341538462,0,0,0,0,0,0,3.392553846,84.32492308,121.0796077,139.5211385,117.7443923,88.4087,39.25116154,17.17146923,82.56590769,111.4102154,157.9872,129.7654154,62.25255385,72.24073846,28.24910769,156.5766667,153.2366667,153.3114286,152.8,152.1914286,151.88,151.6085714
132.9342975,189.5777276,183.6354707,55.11011648,0,0,0,20.39653846,22.07576923,20.13580829,18.18307692,11.87230769,1.341538462,-4.258846154,0,0,0,0,0,3.392553846,5.592123077,121.0796077,139.5211385,117.7443923,88.4087,39.25116154,17.17146923,8.678707692,111.4102154,157.9872,129.7654154,62.25255385,72.24073846,28.24910769,18.83470769,153.2366667,153.3114286,152.8,152.1914286,151.88,151.6085714,151.3514286
189.5777276,183.6354707,55.11011648,0,0,0,0,22.07576923,20.13580829,18.18307692,11.87230769,1.341538462,-4.258846154,-8.763076923,0,0,0,0,3.392553846,5.592123077,0.436184615,139.5211385,117.7443923,88.4087,39.25116154,17.17146923,8.678707692,3.326007692,157.9872,129.7654154,62.25255385,72.24073846,28.24910769,18.83470769,31.04393846,153.3114286,152.8,152.1914286,151.88,151.6085714,151.3514286,150.92
183.6354707,55.11011648,0,0,0,0,0,20.13580829,18.18307692,11.87230769,1.341538462,-4.258846154,-8.763076923,-7.060769231,0,0,0,3.392553846,5.592123077,0.436184615,3.128123077,117.7443923,88.4087,39.25116154,17.17146923,8.678707692,3.326007692,4.59006884,129.7654154,62.25255385,72.24073846,28.24910769,18.83470769,31.04393846,31.78633846,152.8,152.1914286,151.88,151.6085714,151.3514286,150.92,150.64
55.11011648,0,0,0,0,0,0,18.18307692,11.87230769,1.341538462,-4.258846154,-8.763076923,-7.060769231,1.968076923,0,0,3.392553846,5.592123077,0.436184615,3.128123077,59.61033846,88.4087,39.25116154,17.17146923,8.678707692,3.326007692,4.59006884,18.3873,62.25255385,72.24073846,28.24910769,18.83470769,31.04393846,31.78633846,28.3136,152.1914286,151.88,151.6085714,151.3514286,150.92,150.64,148.46
0,0,0,0,0,0,8.772342385,11.87230769,1.341538462,-4.258846154,-8.763076923,-7.060769231,1.968076923,9.225384615,0,3.392553846,5.592123077,0.436184615,3.128123077,59.61033846,0.010607692,39.25116154,17.17146923,8.678707692,3.326007692,4.59006884,18.3873,60.18288462,72.24073846,28.24910769,18.83470769,31.04393846,31.78633846,28.3136,77.94363077,151.88,151.6085714,151.3514286,150.92,150.64,148.46,148
0,0,0,0,0,8.772342385,70.81017756,1.341538462,-4.258846154,-8.763076923,-7.060769231,1.968076923,9.225384615,16.11119291,3.392553846,5.592123077,0.436184615,3.128123077,59.61033846,0.010607692,0,17.17146923,8.678707692,3.326007692,4.59006884,18.3873,60.18288462,97.13066154,28.24910769,18.83470769,31.04393846,31.78633846,28.3136,77.94363077,109.2184615,151.6085714,151.3514286,150.92,150.64,148.46,148,147.8
0,0,0,0,8.772342385,70.81017756,132.7371339,-4.258846154,-8.763076923,-7.060769231,1.968076923,9.225384615,16.11119291,20.17388522,5.592123077,0.436184615,3.128123077,59.61033846,0.010607692,0,0,8.678707692,3.326007692,4.59006884,18.3873,60.18288462,97.13066154,120.3743615,18.83470769,31.04393846,31.78633846,28.3136,77.94363077,109.2184615,163.6804923,151.3514286,150.92,150.64,148.46,148,147.8,147.55
0,0,0,8.772342385,70.81017756,132.7371339,195.4112723,-8.763076923,-7.060769231,1.968076923,9.225384615,16.11119291,20.17388522,23.16923077,0.436184615,3.128123077,59.61033846,0.010607692,0,0,0,3.326007692,4.59006884,18.3873,60.18288462,97.13066154,120.3743615,143.8705615,31.04393846,31.78633846,28.3136,77.94363077,109.2184615,163.6804923,231.9827692,150.92,150.64,148.46,148,147.8,147.55,147.18
0,0,8.772342385,70.81017756,132.7371339,195.4112723,191.7980949,-7.060769231,1.968076923,9.225384615,16.11119291,20.17388522,23.16923077,22.82076923,3.128123077,59.61033846,0.010607692,0,0,0,0,4.59006884,18.3873,60.18288462,97.13066154,120.3743615,143.8705615,125.9966692,31.78633846,28.3136,77.94363077,109.2184615,163.6804923,231.9827692,101.7831385,150.64,148.46,148,147.8,147.55,147.18,152.29
0,8.772342385,70.81017756,132.7371339,195.4112723,191.7980949,52.08053412,1.968076923,9.225384615,16.11119291,20.17388522,23.16923077,22.82076923,14.60307692,59.61033846,0.010607692,0,0,0,0,0,18.3873,60.18288462,97.13066154,120.3743615,143.8705615,125.9966692,84.00905385,28.3136,77.94363077,109.2184615,163.6804923,231.9827692,101.7831385,74.58215385,148.46,148,147.8,147.55,147.18,152.29,148.57
8.772342385,70.81017756,132.7371339,195.4112723,191.7980949,52.08053412,0,9.225384615,16.11119291,20.17388522,23.16923077,22.82076923,14.60307692,10.57461538,0.010607692,0,0,0,0,0,0,60.18288462,97.13066154,120.3743615,143.8705615,125.9966692,84.00905385,49.42633077,77.94363077,109.2184615,163.6804923,231.9827692,101.7831385,74.58215385,43.57193846,148,147.8,147.55,147.18,152.29,148.57,147.52
70.81017756,132.7371339,195.4112723,191.7980949,52.08053412,0,0,16.11119291,20.17388522,23.16923077,22.82076923,14.60307692,10.57461538,0.885,0,0,0,0,0,0,4.454692308,97.13066154,120.3743615,143.8705615,125.9966692,84.00905385,49.42633077,20.08752308,109.2184615,163.6804923,231.9827692,101.7831385,74.58215385,43.57193846,25.56996923,147.8,147.55,147.18,152.29,148.57,147.52,147.01
132.7371339,195.4112723,191.7980949,52.08053412,0,0,0,20.17388522,23.16923077,22.82076923,14.60307692,10.57461538,0.885,-0.780730168,0,0,0,0,0,4.454692308,2.926769231,120.3743615,143.8705615,125.9966692,84.00905385,49.42633077,20.08752308,12.83000769,163.6804923,231.9827692,101.7831385,74.58215385,43.57193846,25.56996923,10.60233846,147.55,147.18,152.29,148.57,147.52,147.01,146.72
195.4112723,191.7980949,52.08053412,0,0,0,0,23.16923077,22.82076923,14.60307692,10.57461538,0.885,-0.780730168,-7.452307692,0,0,0,0,4.454692308,2.926769231,0.216984615,143.8705615,125.9966692,84.00905385,49.42633077,20.08752308,12.83000769,8.81463116,231.9827692,101.7831385,74.58215385,43.57193846,25.56996923,10.60233846,17.99236923,147.18,152.29,148.57,147.52,147.01,146.72,148
191.7980949,52.08053412,0,0,0,0,0,22.82076923,14.60307692,10.57461538,0.885,-0.780730168,-7.452307692,-6.853076923,0,0,0,4.454692308,2.926769231,0.216984615,15.12024615,125.9966692,84.00905385,49.42633077,20.08752308,12.83000769,8.81463116,5.806630769,101.7831385,74.58215385,43.57193846,25.56996923,10.60233846,17.99236923,21.12787692,152.29,148.57,147.52,147.01,146.72,148,148.01
52.08053412,0,0,0,0,0,0,14.60307692,10.57461538,0.885,-0.780730168,-7.452307692,-6.853076923,5.473076923,0,0,4.454692308,2.926769231,0.216984615,15.12024615,16.76816923,84.00905385,49.42633077,20.08752308,12.83000769,8.81463116,5.806630769,34.6373,74.58215385,43.57193846,25.56996923,10.60233846,17.99236923,21.12787692,0.773907692,148.57,147.52,147.01,146.72,148,148.01,147.15
0,0,0,0,0,0,9.224092675,10.57461538,0.885,-0.780730168,-7.452307692,-6.853076923,5.473076923,10.465,0,4.454692308,2.926769231,0.216984615,15.12024615,16.76816923,0.384492308,49.42633077,20.08752308,12.83000769,8.81463116,5.806630769,34.6373,62.35434615,43.57193846,25.56996923,10.60233846,17.99236923,21.12787692,0.773907692,69.92492308,147.52,147.01,146.72,148,148.01,147.15,143.15
0,0,0,0,0,9.224092675,75.39529308,0.885,-0.780730168,-7.452307692,-6.853076923,5.473076923,10.465,18.09038462,4.454692308,2.926769231,0.216984615,15.12024615,16.76816923,0.384492308,0,20.08752308,12.83000769,8.81463116,5.806630769,34.6373,62.35434615,93.2715,25.56996923,10.60233846,17.99236923,21.12787692,0.773907692,69.92492308,30.44012308,147.01,146.72,148,148.01,147.15,143.15,143.27
0,0,0,0,9.224092675,75.39529308,142.6311706,-0.780730168,-7.452307692,-6.853076923,5.473076923,10.465,18.09038462,23.645,2.926769231,0.216984615,15.12024615,16.76816923,0.384492308,0,0,12.83000769,8.81463116,5.806630769,34.6373,62.35434615,93.2715,128.8553077,10.60233846,17.99236923,21.12787692,0.773907692,69.92492308,30.44012308,124.1058462,146.72,148,148.01,147.15,143.15,143.27,148.78
